activation,bn,test_error_mean,test_error_std,test_invar_error_mean,test_invar_error_std
fourier_elu_16,IIDbn,1.114001274108881,0.05344057661316566,0.17336257994174958,0.004446878000877794
fourier_elu_16,Normbn,1.153500378131863,0.060538245812361745,0.1747177690267563,0.0010005202491425401
