{"mean": [0.6498246788978577, 0.4724327027797699, 0.5843937993049622], "std": [0.2563140094280243, 0.3275921046733856, 0.2679942846298218]}