{"mean": [0.30910930037498474, 0.34255892038345337, 0.3684875965118408], "std": [0.18999210000038147, 0.1270761936903, 0.1064663752913475]}