{"mean": [0.12102224677801132], "std": [0.2884358763694763]}