{"mean": [0.3682114779949188, 0.38083240389823914, 0.3434028625488281], "std": [0.2033301144838333, 0.18524156510829926, 0.1845613569021225]}